-- phpMyAdmin SQL Dump
-- version 4.9.2
-- https://www.phpmyadmin.net/
--
-- Host: 127.0.0.1:3306
-- Generation Time: Jun 07, 2020 at 07:56 PM
-- Server version: 8.0.18
-- PHP Version: 7.3.12

SET SQL_MODE = "NO_AUTO_VALUE_ON_ZERO";
SET AUTOCOMMIT = 0;
START TRANSACTION;
SET time_zone = "+00:00";


/*!40101 SET @OLD_CHARACTER_SET_CLIENT=@@CHARACTER_SET_CLIENT */;
/*!40101 SET @OLD_CHARACTER_SET_RESULTS=@@CHARACTER_SET_RESULTS */;
/*!40101 SET @OLD_COLLATION_CONNECTION=@@COLLATION_CONNECTION */;
/*!40101 SET NAMES utf8mb4 */;

--
-- Database: `np2`
--

-- --------------------------------------------------------

--
-- Table structure for table `addresses`
--

DROP TABLE IF EXISTS `addresses`;
CREATE TABLE IF NOT EXISTS `addresses` (
  `id` int(11) NOT NULL AUTO_INCREMENT,
  `address` varchar(50) NOT NULL,
  `city` varchar(50) NOT NULL,
  `postal` varchar(50) DEFAULT NULL,
  `country` varchar(50) NOT NULL,
  `user_id` int(11) DEFAULT NULL,
  PRIMARY KEY (`id`),
  KEY `user_id` (`user_id`)
) ENGINE=MyISAM AUTO_INCREMENT=77 DEFAULT CHARSET=utf8mb4 COLLATE=utf8mb4_0900_ai_ci;

--
-- Dumping data for table `addresses`
--

INSERT INTO `addresses` (`id`, `address`, `city`, `postal`, `country`, `user_id`) VALUES
(1, '8 Dryden Terrace', 'Winneba', NULL, 'Ghana', 18),
(2, '556 Schiller Junction', 'Hangbu', NULL, 'China', 39),
(3, '52716 School Road', 'Aknīste', NULL, 'Latvia', 18),
(4, '1 Di Loreto Lane', 'San Justo', '3342', 'Argentina', 1),
(5, '13135 Redwing Crossing', 'Kariya', '969-1619', 'Japan', 47),
(6, '8047 Grayhawk Alley', 'Estância Velha', '93600-000', 'Brazil', 22),
(7, '1 Cordelia Parkway', 'Puerto Morazán', NULL, 'Nicaragua', 30),
(8, '047 Lake View Terrace', 'Mesa', '85205', 'United States', 2),
(9, '98481 Kinsman Way', 'Huangzhawan', NULL, 'China', 48),
(10, '2 Northview Avenue', 'Al Munīrah', NULL, 'Yemen', 40),
(11, '10 Transport Alley', 'Apeldoorn', '7319', 'Netherlands', 19),
(12, '55572 Delaware Terrace', 'Tabio', '2608', 'Philippines', 5),
(13, '4 Larry Lane', 'Waoundé', NULL, 'Senegal', 17),
(14, '4145 John Wall Pass', 'Houston', '77234', 'United States', 47),
(15, '8 Bobwhite Avenue', 'Boavista', '4905-014', 'Portugal', 41),
(16, '533 Texas Alley', 'Blatná', '388 01', 'Czech Republic', 46),
(17, '06308 Bunting Lane', 'Dok Kham Tai', '56120', 'Thailand', 25),
(18, '15143 Sundown Trail', 'Tateyama', '999-6732', 'Japan', 45),
(19, '092 Sachtjen Crossing', 'Hostomice', '417 52', 'Czech Republic', 41),
(20, '302 Lillian Trail', 'Kuala Belait', NULL, 'Brunei', 41),
(21, '861 Forest Run Point', 'Komes', NULL, 'Indonesia', 30),
(22, '8 Darwin Junction', 'Kozlovice', '739 47', 'Czech Republic', 27),
(23, '297 Transport Avenue', 'La Esperanza', '87076', 'Mexico', 19),
(24, '2 Westridge Street', 'Pincher Creek', 'J0J', 'Canada', 5),
(25, '4095 Logan Hill', 'Banikoara', NULL, 'Benin', 5),
(26, '9 Farmco Place', 'Putrajaya', '62530', 'Malaysia', 17),
(27, '2495 Maple Terrace', 'North Shore', '0748', 'New Zealand', 11),
(28, '77770 Harper Drive', 'Goiatuba', '75600-000', 'Brazil', 5),
(29, '80 Kennedy Plaza', 'Ji’an', NULL, 'China', 29),
(30, '5 Londonderry Street', 'Káto Asítai', NULL, 'Greece', 9),
(31, '40319 Bunker Hill Court', 'Sovetsk', '238758', 'Russia', 7),
(32, '68 Monument Trail', 'Köping', '731 27', 'Sweden', 37),
(33, '2811 Arrowood Place', 'Ningshan Chengguanzhen', NULL, 'China', 13),
(34, '671 East Crossing', 'Coxim', '79400-000', 'Brazil', 28),
(35, '71643 Paget Lane', 'Ichihara', '920-2327', 'Japan', 21),
(36, '74570 Redwing Court', 'Taber', 'T1G', 'Canada', 5),
(37, '14181 David Street', 'Claremont', '7740', 'South Africa', 15),
(38, '467 Northwestern Terrace', 'Chingas', NULL, 'Peru', 18),
(39, '55 Victoria Junction', 'Prang Ku', '33170', 'Thailand', 12),
(40, '1865 Meadow Vale Avenue', 'Kýria', NULL, 'Greece', 9),
(41, '0 Northport Lane', 'Carquefou', '44474 CEDEX', 'France', 29),
(42, '2689 Carioca Terrace', 'Skien', '3716', 'Norway', 23),
(43, '7429 Haas Drive', 'Oskarshamn', '572 60', 'Sweden', 43),
(44, '1922 Messerschmidt Hill', 'Villa Santa Rita', '4600', 'Argentina', 25),
(45, '9 Commercial Place', 'Bugis', NULL, 'Indonesia', 44),
(46, '8 Artisan Hill', 'Hucheng', NULL, 'China', 4),
(47, '98 Morrow Road', 'Falāvarjān', NULL, 'Iran', 40),
(48, '02043 Vernon Street', 'Bugis', NULL, 'Indonesia', 39),
(49, '4 Dexter Trail', 'Shīnḏanḏ', NULL, 'Afghanistan', 20),
(50, '504 Ludington Park', 'Almodôvar', '7700-015', 'Portugal', 24),
(51, '54379 Havey Crossing', 'Sabon Gari-Nangere', NULL, 'Nigeria', 19),
(52, '06 Myrtle Drive', 'Tanxi', NULL, 'China', 15),
(53, '58 Scofield Terrace', 'Heemskerk', '1964', 'Netherlands', 45),
(54, '2 Morrow Drive', 'Sajia', NULL, 'China', 26),
(55, '9050 Burning Wood Lane', 'Xinjiezi', NULL, 'China', 14),
(56, '3458 Hoard Road', 'Haolin', NULL, 'China', 1),
(57, '5028 Columbus Junction', 'Tianfen', NULL, 'China', 39),
(58, '517 Hoard Plaza', 'Molugan', '9016', 'Philippines', 29),
(59, '86 American Ash Hill', 'Mbandaka', NULL, 'Democratic Republic of the Congo', 6),
(60, '3 Westridge Place', 'Dmanisi', NULL, 'Georgia', 19),
(61, '9 Victoria Court', 'Gesikan', NULL, 'Indonesia', 13),
(62, '11801 Corben Center', 'Guxi', NULL, 'China', 49),
(63, '82 Declaration Parkway', 'Nanling', NULL, 'China', 30),
(64, '913 Mallory Parkway', 'Shuishaping', NULL, 'China', 28),
(65, '10735 Linden Pass', 'Thouars', '79104 CEDEX', 'France', 44),
(66, '00 Pleasure Alley', 'Tugu', NULL, 'Indonesia', 32),
(67, '04301 Mccormick Crossing', 'Paris La Défense', '92980 CEDEX', 'France', 15),
(68, '1 Autumn Leaf Park', 'Nesterovskaya', '386250', 'Russia', 33),
(69, '1506 Badeau Way', 'Sipirok', NULL, 'Indonesia', 31),
(70, '57 Sycamore Plaza', 'Jiefang', NULL, 'China', 12),
(71, '64519 Warner Road', 'Herzliyya', NULL, 'Israel', 30),
(72, '1 Graceland Lane', 'Połajewo', '64-710', 'Poland', 48),
(73, '480 Carey Crossing', 'Solna', '169 65', 'Sweden', 40),
(74, '58 Ridge Oak Court', 'Umeå', '905 92', 'Sweden', 8),
(75, '51 Nancy Crossing', 'Hajeom', NULL, 'South Korea', 45),
(76, '53 rue du petitPond', 'Montigny le Btx', '78180', 'France', 51);

-- --------------------------------------------------------

--
-- Table structure for table `alembic_version`
--

DROP TABLE IF EXISTS `alembic_version`;
CREATE TABLE IF NOT EXISTS `alembic_version` (
  `version_num` varchar(32) NOT NULL,
  PRIMARY KEY (`version_num`)
) ENGINE=MyISAM DEFAULT CHARSET=utf8mb4 COLLATE=utf8mb4_0900_ai_ci;

--
-- Dumping data for table `alembic_version`
--

INSERT INTO `alembic_version` (`version_num`) VALUES
('d25cb790d6de');

-- --------------------------------------------------------

--
-- Table structure for table `categories`
--

DROP TABLE IF EXISTS `categories`;
CREATE TABLE IF NOT EXISTS `categories` (
  `id` int(11) NOT NULL AUTO_INCREMENT,
  `name` varchar(50) NOT NULL,
  PRIMARY KEY (`id`),
  UNIQUE KEY `name` (`name`)
) ENGINE=MyISAM AUTO_INCREMENT=11 DEFAULT CHARSET=utf8mb4 COLLATE=utf8mb4_0900_ai_ci;

--
-- Dumping data for table `categories`
--

INSERT INTO `categories` (`id`, `name`) VALUES
(1, 'Documentary'),
(2, 'Drama'),
(3, 'Horror'),
(4, 'Crime'),
(5, 'Comedy'),
(6, 'Romance'),
(7, 'Thriller'),
(8, 'Action'),
(9, 'Western'),
(10, 'War');

-- --------------------------------------------------------

--
-- Table structure for table `categories_products`
--

DROP TABLE IF EXISTS `categories_products`;
CREATE TABLE IF NOT EXISTS `categories_products` (
  `category_id` int(11) NOT NULL,
  `product_id` int(11) NOT NULL,
  PRIMARY KEY (`category_id`,`product_id`),
  KEY `product_id` (`product_id`)
) ENGINE=MyISAM DEFAULT CHARSET=utf8mb4 COLLATE=utf8mb4_0900_ai_ci;

--
-- Dumping data for table `categories_products`
--

INSERT INTO `categories_products` (`category_id`, `product_id`) VALUES
(1, 2),
(1, 4),
(1, 5),
(1, 10),
(1, 17),
(1, 21),
(1, 24),
(1, 30),
(1, 31),
(1, 32),
(1, 33),
(1, 36),
(1, 43),
(1, 45),
(2, 17),
(2, 33),
(2, 35),
(2, 38),
(2, 45),
(2, 50),
(3, 3),
(3, 6),
(3, 7),
(3, 9),
(3, 11),
(3, 12),
(3, 14),
(3, 17),
(3, 22),
(3, 24),
(3, 29),
(3, 38),
(3, 40),
(3, 43),
(3, 47),
(3, 48),
(4, 4),
(4, 6),
(4, 11),
(4, 14),
(4, 15),
(4, 16),
(4, 23),
(4, 27),
(4, 30),
(4, 32),
(4, 33),
(4, 36),
(4, 37),
(4, 38),
(4, 42),
(4, 44),
(4, 45),
(5, 8),
(5, 9),
(5, 13),
(5, 14),
(5, 17),
(5, 30),
(5, 31),
(5, 34),
(5, 36),
(5, 40),
(5, 46),
(5, 47),
(6, 2),
(6, 3),
(6, 8),
(6, 10),
(6, 14),
(6, 15),
(6, 17),
(6, 21),
(6, 26),
(6, 33),
(6, 40),
(6, 42),
(6, 49),
(6, 50),
(7, 5),
(7, 9),
(7, 11),
(7, 17),
(7, 18),
(7, 21),
(7, 28),
(7, 32),
(7, 36),
(7, 42),
(7, 43),
(7, 44),
(7, 45),
(7, 47),
(8, 5),
(8, 7),
(8, 23),
(8, 25),
(8, 31),
(8, 32),
(8, 43),
(8, 48),
(9, 4),
(9, 10),
(9, 11),
(9, 12),
(9, 13),
(9, 23),
(9, 25),
(9, 26),
(9, 33),
(9, 39),
(9, 41),
(9, 42),
(9, 43),
(9, 44),
(9, 45),
(9, 48),
(10, 2),
(10, 5),
(10, 6),
(10, 11),
(10, 28),
(10, 30),
(10, 36),
(10, 37),
(10, 38),
(10, 41),
(10, 42),
(10, 43),
(10, 46),
(10, 49);

-- --------------------------------------------------------

--
-- Table structure for table `codes`
--

DROP TABLE IF EXISTS `codes`;
CREATE TABLE IF NOT EXISTS `codes` (
  `id` int(11) NOT NULL AUTO_INCREMENT,
  `code` varchar(50) NOT NULL,
  `product_id` int(11) DEFAULT NULL,
  `purchase_id` int(11) DEFAULT NULL,
  PRIMARY KEY (`id`),
  KEY `purchase_id` (`purchase_id`),
  KEY `product_id` (`product_id`)
) ENGINE=MyISAM AUTO_INCREMENT=101 DEFAULT CHARSET=utf8mb4 COLLATE=utf8mb4_0900_ai_ci;

--
-- Dumping data for table `codes`
--

INSERT INTO `codes` (`id`, `code`, `product_id`, `purchase_id`) VALUES
(1, '7422044896', 14, NULL),
(2, '4645014404', 19, NULL),
(3, '2308589698', 17, NULL),
(4, '9924170024', 30, NULL),
(5, '6443068181', 42, NULL),
(6, '3962739610', 32, NULL),
(7, '4362412492', 16, NULL),
(8, '5450954891', 23, NULL),
(9, '1956480951', 43, NULL),
(10, '2043045512', 34, NULL),
(11, '7419730326', 49, NULL),
(12, '2409749763', 23, NULL),
(13, '1207090379', 28, NULL),
(14, '3123542327', 43, NULL),
(15, '6924921388', 31, NULL),
(16, '3150746094', 8, NULL),
(17, '3714183590', 47, NULL),
(18, '8004623700', 6, NULL),
(19, '2236567197', 39, NULL),
(20, '0605129487', 23, NULL),
(21, '8797740349', 41, NULL),
(22, '9760323206', 42, NULL),
(23, '3952237272', 34, NULL),
(24, '0962691739', 36, NULL),
(25, '9288788530', 32, NULL),
(26, '2183724110', 37, NULL),
(27, '1145990053', 24, NULL),
(28, '0236202103', 21, NULL),
(29, '0284845728', 31, NULL),
(30, '3738644059', 18, NULL),
(31, '0797784055', 39, NULL),
(32, '3133157264', 27, NULL),
(33, '1279231858', 25, NULL),
(34, '1149435003', 3, NULL),
(35, '4939686752', 37, NULL),
(36, '2764511876', 5, NULL),
(37, '6967742493', 7, NULL),
(38, '2426362855', 36, NULL),
(39, '9404245275', 42, NULL),
(40, '7659096818', 43, NULL),
(41, '4264039215', 46, NULL),
(42, '5993866284', 5, NULL),
(43, '7663605772', 31, NULL),
(44, '7443156952', 10, NULL),
(45, '6249399062', 29, NULL),
(46, '7341864923', 10, NULL),
(47, '4667887370', 48, NULL),
(48, '3445074534', 25, NULL),
(49, '2925779387', 27, NULL),
(50, '0069566631', 33, NULL),
(51, '0912223383', 50, NULL),
(52, '5714086244', 43, NULL),
(53, '6273810354', 14, NULL),
(54, '1193272270', 33, NULL),
(55, '1682186776', 22, NULL),
(56, '0563417854', 50, NULL),
(57, '8737942123', 38, NULL),
(58, '6136742160', 31, NULL),
(59, '0116890614', 29, NULL),
(60, '5377596609', 29, NULL),
(61, '1708490442', 18, NULL),
(62, '8882697355', 32, NULL),
(63, '4517404153', 41, NULL),
(64, '9137772651', 7, NULL),
(65, '0096907231', 39, NULL),
(66, '1578583713', 6, NULL),
(67, '8335868735', 9, NULL),
(68, '7695236551', 35, NULL),
(69, '1707705887', 38, NULL),
(70, '1938065611', 5, NULL),
(71, '6151649729', 37, NULL),
(72, '7484397733', 27, NULL),
(73, '6207473272', 44, NULL),
(74, '9532774297', 26, NULL),
(75, '3060208670', 6, NULL),
(76, '3515148574', 33, NULL),
(77, '4376980943', 32, NULL),
(78, '0031278779', 34, NULL),
(79, '4858914038', 47, NULL),
(80, '4062251493', 16, NULL),
(81, '6713609279', 45, NULL),
(82, '9607465121', 15, NULL),
(83, '9620660153', 2, NULL),
(84, '2752959222', 46, NULL),
(85, '8875323305', 18, NULL),
(86, '0983247935', 18, NULL),
(87, '2269910117', 19, NULL),
(88, '4303293377', 8, NULL),
(89, '9860432201', 24, NULL),
(90, '6589238359', 35, NULL),
(91, '0214243478', 30, NULL),
(92, '6187635973', 7, NULL),
(93, '3048576126', 4, NULL),
(94, '0647480050', 48, NULL),
(95, '5601014183', 5, NULL),
(96, '7534772893', 46, NULL),
(97, '1604125470', 41, NULL),
(98, '0362492050', 40, NULL),
(99, '7867495088', 32, NULL),
(100, '9191952581', 42, NULL);

-- --------------------------------------------------------

--
-- Table structure for table `comments`
--

DROP TABLE IF EXISTS `comments`;
CREATE TABLE IF NOT EXISTS `comments` (
  `id` int(11) NOT NULL AUTO_INCREMENT,
  `content` varchar(255) DEFAULT NULL,
  `date` datetime NOT NULL,
  `rating` int(11) NOT NULL,
  `user_id` int(11) DEFAULT NULL,
  `product_id` int(11) DEFAULT NULL,
  PRIMARY KEY (`id`),
  KEY `product_id` (`product_id`),
  KEY `user_id` (`user_id`)
) ENGINE=MyISAM AUTO_INCREMENT=151 DEFAULT CHARSET=utf8mb4 COLLATE=utf8mb4_0900_ai_ci;

--
-- Dumping data for table `comments`
--

INSERT INTO `comments` (`id`, `content`, `date`, `rating`, `user_id`, `product_id`) VALUES
(1, 'Morbi non lectus. Aliquam sit amet diam in magna bibendum imperdiet.', '2020-05-22 23:41:24', 3, 3, 2),
(2, 'Nullam varius.', '2020-06-06 08:03:01', 3, 18, 16),
(3, 'Morbi a ipsum.', '2020-03-07 13:09:33', 4, 1, 20),
(4, 'In eleifend quam a odio. In hac habitasse platea dictumst.', '2020-03-21 11:37:42', 4, 14, 35),
(5, 'Donec quis orci eget orci vehicula condimentum.', '2020-05-30 13:11:13', 5, 18, 1),
(6, 'In quis justo.', '2020-06-13 18:22:12', 2, 1, 8),
(7, 'Nulla facilisi. Cras non velit nec nisi vulputate nonummy.', '2020-02-08 02:12:46', 0, 6, 25),
(8, 'Morbi non quam nec dui luctus rutrum.', '2020-02-12 05:55:57', 1, 24, 35),
(9, 'Integer tincidunt ante vel ipsum.', '2020-05-07 11:30:41', 1, 2, 1),
(10, 'Lorem ipsum dolor sit amet, consectetuer adipiscing elit. Proin risus.', '2020-05-08 07:52:43', 5, 10, 7),
(11, 'Proin interdum mauris non ligula pellentesque ultrices.', '2020-03-15 23:05:05', 2, 24, 45),
(12, 'Duis bibendum, felis sed interdum venenatis, turpis enim blandit mi, in porttitor pede justo eu massa. Donec dapibus.', '2020-03-12 03:48:48', 1, 19, 15),
(13, 'Phasellus sit amet erat. Nulla tempus.', '2020-04-24 07:21:24', 4, 21, 34),
(14, 'Quisque erat eros, viverra eget, congue eget, semper rutrum, nulla.', '2020-04-11 05:09:20', 0, 5, 12),
(15, 'Aliquam non mauris. Morbi non lectus.', '2020-02-01 20:10:44', 2, 23, 32),
(16, 'In hac habitasse platea dictumst.', '2020-04-26 12:20:38', 5, 9, 50),
(17, 'Maecenas tincidunt lacus at velit.', '2020-04-22 07:12:00', 2, 14, 7),
(18, 'Curabitur in libero ut massa volutpat convallis. Morbi odio odio, elementum eu, interdum eu, tincidunt in, leo.', '2020-03-02 05:46:04', 5, 4, 40),
(19, 'Nam ultrices, libero non mattis pulvinar, nulla pede ullamcorper augue, a suscipit nulla elit ac nulla. Sed vel enim sit amet nunc viverra dapibus.', '2020-05-28 16:22:04', 5, 19, 16),
(20, 'Proin leo odio, porttitor id, consequat in, consequat ut, nulla. Sed accumsan felis.', '2020-05-13 06:31:05', 1, 8, 19),
(21, 'In quis justo. Maecenas rhoncus aliquam lacus.', '2020-01-16 20:15:32', 2, 17, 25),
(22, 'Nullam varius.', '2020-04-08 14:10:59', 4, 14, 10),
(23, 'Curabitur at ipsum ac tellus semper interdum.', '2020-05-03 06:54:23', 4, 16, 9),
(24, 'Vestibulum quam sapien, varius ut, blandit non, interdum in, ante. Vestibulum ante ipsum primis in faucibus orci luctus et ultrices posuere cubilia Curae; Duis faucibus accumsan odio.', '2020-01-23 01:49:52', 3, 1, 18),
(25, 'Vivamus tortor. Duis mattis egestas metus.', '2020-02-06 19:16:02', 1, 13, 48),
(26, 'Cras mi pede, malesuada in, imperdiet et, commodo vulputate, justo. In blandit ultrices enim.', '2020-01-14 20:47:19', 2, 10, 14),
(27, 'Vivamus metus arcu, adipiscing molestie, hendrerit at, vulputate vitae, nisl.', '2020-01-31 14:16:59', 5, 18, 41),
(28, 'Aenean lectus. Pellentesque eget nunc.', '2020-04-23 07:07:27', 4, 4, 7),
(29, 'Vestibulum ante ipsum primis in faucibus orci luctus et ultrices posuere cubilia Curae; Nulla dapibus dolor vel est.', '2020-05-27 23:46:54', 0, 3, 9),
(30, 'Praesent blandit.', '2020-06-05 02:34:38', 2, 15, 20),
(31, 'Duis ac nibh. Fusce lacus purus, aliquet at, feugiat non, pretium quis, lectus.', '2020-04-21 13:02:45', 5, 7, 27),
(32, 'In hac habitasse platea dictumst. Morbi vestibulum, velit id pretium iaculis, diam erat fermentum justo, nec condimentum neque sapien placerat ante.', '2020-05-28 12:08:50', 5, 15, 47),
(33, 'Morbi vel lectus in quam fringilla rhoncus. Mauris enim leo, rhoncus sed, vestibulum sit amet, cursus id, turpis.', '2020-04-27 13:25:50', 2, 20, 21),
(34, 'Nunc rhoncus dui vel sem. Sed sagittis.', '2020-03-25 09:00:13', 3, 9, 15),
(35, 'Nulla suscipit ligula in lacus.', '2020-05-01 14:03:23', 1, 9, 50),
(36, 'Morbi quis tortor id nulla ultrices aliquet.', '2020-04-07 11:14:11', 1, 23, 23),
(37, 'Morbi non lectus. Aliquam sit amet diam in magna bibendum imperdiet.', '2020-03-29 02:21:15', 1, 1, 20),
(38, 'Nam nulla. Integer pede justo, lacinia eget, tincidunt eget, tempus vel, pede.', '2020-05-19 18:48:20', 2, 1, 10),
(39, 'Pellentesque eget nunc.', '2020-02-18 07:24:41', 3, 3, 36),
(40, 'Curabitur convallis. Duis consequat dui nec nisi volutpat eleifend.', '2020-06-02 06:09:14', 1, 14, 16),
(41, 'Cras in purus eu magna vulputate luctus. Cum sociis natoque penatibus et magnis dis parturient montes, nascetur ridiculus mus.', '2020-03-01 13:25:52', 1, 10, 15),
(42, 'Vivamus tortor. Duis mattis egestas metus.', '2020-04-15 06:37:05', 3, 12, 10),
(43, 'Suspendisse potenti. Nullam porttitor lacus at turpis.', '2020-03-25 13:31:31', 2, 12, 14),
(44, 'Nulla justo. Aliquam quis turpis eget elit sodales scelerisque.', '2020-04-30 08:14:54', 0, 8, 9),
(45, 'Integer a nibh.', '2020-04-20 06:49:25', 1, 25, 27),
(46, 'Curabitur gravida nisi at nibh. In hac habitasse platea dictumst.', '2020-05-26 03:44:28', 0, 22, 17),
(47, 'Vivamus vestibulum sagittis sapien. Cum sociis natoque penatibus et magnis dis parturient montes, nascetur ridiculus mus.', '2020-01-08 15:52:20', 3, 16, 3),
(48, 'Suspendisse ornare consequat lectus.', '2020-01-19 03:50:21', 5, 13, 28),
(49, 'Aliquam quis turpis eget elit sodales scelerisque. Mauris sit amet eros.', '2020-05-23 07:05:04', 0, 21, 13),
(50, 'Nunc purus.', '2020-01-12 00:10:05', 2, 20, 40),
(51, 'Suspendisse potenti.', '2020-06-14 12:09:36', 2, 12, 20),
(52, 'Nulla ut erat id mauris vulputate elementum.', '2020-02-09 00:13:48', 1, 17, 3),
(53, 'Pellentesque ultrices mattis odio. Donec vitae nisi.', '2020-04-16 03:44:58', 2, 10, 19),
(54, 'In hac habitasse platea dictumst.', '2020-01-29 18:31:44', 5, 5, 29),
(55, 'Donec quis orci eget orci vehicula condimentum.', '2020-06-04 00:05:21', 4, 16, 37),
(56, 'Morbi vestibulum, velit id pretium iaculis, diam erat fermentum justo, nec condimentum neque sapien placerat ante. Nulla justo.', '2020-03-09 09:28:00', 3, 23, 16),
(57, 'Ut tellus.', '2020-02-19 17:26:24', 4, 9, 22),
(58, 'Etiam vel augue.', '2020-03-26 14:16:04', 0, 8, 46),
(59, 'Aliquam non mauris.', '2020-01-02 18:05:54', 1, 19, 30),
(60, 'Curabitur convallis.', '2020-01-23 05:07:30', 5, 17, 16),
(61, 'Aliquam non mauris. Morbi non lectus.', '2020-05-16 01:17:45', 4, 2, 39),
(62, 'Vestibulum quam sapien, varius ut, blandit non, interdum in, ante.', '2020-02-23 05:08:32', 0, 4, 16),
(63, 'Vestibulum ante ipsum primis in faucibus orci luctus et ultrices posuere cubilia Curae; Duis faucibus accumsan odio. Curabitur convallis.', '2020-05-23 12:54:45', 1, 2, 26),
(64, 'Duis bibendum, felis sed interdum venenatis, turpis enim blandit mi, in porttitor pede justo eu massa. Donec dapibus.', '2020-01-01 15:08:09', 1, 16, 10),
(65, 'Lorem ipsum dolor sit amet, consectetuer adipiscing elit.', '2020-01-04 06:54:08', 5, 25, 49),
(66, 'Curabitur at ipsum ac tellus semper interdum. Mauris ullamcorper purus sit amet nulla.', '2020-04-13 08:41:51', 5, 19, 16),
(67, 'Mauris ullamcorper purus sit amet nulla.', '2020-03-25 09:26:20', 0, 15, 3),
(68, 'Proin risus. Praesent lectus.', '2020-02-21 10:24:28', 4, 23, 3),
(69, 'Donec ut mauris eget massa tempor convallis.', '2020-04-30 10:45:09', 1, 25, 47),
(70, 'Morbi porttitor lorem id ligula.', '2020-03-09 15:12:12', 3, 8, 29),
(71, 'Vestibulum sed magna at nunc commodo placerat. Praesent blandit.', '2020-05-07 06:24:22', 0, 15, 43),
(72, 'Cras non velit nec nisi vulputate nonummy. Maecenas tincidunt lacus at velit.', '2020-01-20 13:18:34', 3, 10, 32),
(73, 'Lorem ipsum dolor sit amet, consectetuer adipiscing elit. Proin risus.', '2020-06-08 17:52:40', 4, 5, 21),
(74, 'Duis consequat dui nec nisi volutpat eleifend.', '2020-05-04 22:36:21', 5, 14, 37),
(75, 'Suspendisse potenti.', '2020-03-17 14:10:53', 4, 14, 46),
(76, 'In hac habitasse platea dictumst. Maecenas ut massa quis augue luctus tincidunt.', '2020-06-08 16:42:56', 5, 12, 41),
(77, 'Duis aliquam convallis nunc.', '2020-03-26 15:57:17', 4, 22, 27),
(78, 'Vivamus vestibulum sagittis sapien. Cum sociis natoque penatibus et magnis dis parturient montes, nascetur ridiculus mus.', '2020-03-21 07:49:02', 2, 18, 2),
(79, 'Quisque id justo sit amet sapien dignissim vestibulum.', '2020-02-20 08:49:16', 0, 21, 4),
(80, 'Etiam justo.', '2020-02-03 11:30:50', 2, 5, 15),
(81, 'Donec diam neque, vestibulum eget, vulputate ut, ultrices vel, augue. Vestibulum ante ipsum primis in faucibus orci luctus et ultrices posuere cubilia Curae; Donec pharetra, magna vestibulum aliquet ultrices, erat tortor sollicitudin mi, sit amet lobortis', '2020-03-24 07:53:25', 1, 12, 23),
(82, 'Sed ante.', '2020-04-19 08:20:41', 2, 24, 23),
(83, 'Fusce posuere felis sed lacus. Morbi sem mauris, laoreet ut, rhoncus aliquet, pulvinar sed, nisl.', '2020-06-02 08:09:46', 4, 17, 18),
(84, 'Curabitur in libero ut massa volutpat convallis.', '2020-03-31 16:21:34', 0, 1, 7),
(85, 'Curabitur gravida nisi at nibh. In hac habitasse platea dictumst.', '2020-02-01 23:05:41', 5, 1, 49),
(86, 'In eleifend quam a odio. In hac habitasse platea dictumst.', '2020-02-01 12:10:52', 5, 7, 9),
(87, 'Donec semper sapien a libero. Nam dui.', '2020-03-04 09:07:37', 0, 2, 37),
(88, 'Integer pede justo, lacinia eget, tincidunt eget, tempus vel, pede. Morbi porttitor lorem id ligula.', '2020-05-19 23:10:46', 3, 3, 9),
(89, 'Quisque ut erat. Curabitur gravida nisi at nibh.', '2020-05-11 17:36:46', 2, 5, 8),
(90, 'Nulla facilisi. Cras non velit nec nisi vulputate nonummy.', '2020-04-26 02:25:41', 4, 19, 43),
(91, 'Suspendisse potenti. Cras in purus eu magna vulputate luctus.', '2020-01-07 12:19:39', 1, 21, 42),
(92, 'Maecenas pulvinar lobortis est. Phasellus sit amet erat.', '2020-04-09 00:00:55', 4, 9, 30),
(93, 'Integer pede justo, lacinia eget, tincidunt eget, tempus vel, pede. Morbi porttitor lorem id ligula.', '2020-02-21 07:46:00', 1, 18, 7),
(94, 'Vestibulum ante ipsum primis in faucibus orci luctus et ultrices posuere cubilia Curae; Nulla dapibus dolor vel est. Donec odio justo, sollicitudin ut, suscipit a, feugiat et, eros.', '2020-04-14 00:55:46', 4, 8, 20),
(95, 'Vivamus tortor. Duis mattis egestas metus.', '2020-05-16 00:39:00', 4, 9, 40),
(96, 'Vivamus in felis eu sapien cursus vestibulum. Proin eu mi.', '2020-01-28 15:36:56', 2, 1, 14),
(97, 'Cras pellentesque volutpat dui. Maecenas tristique, est et tempus semper, est quam pharetra magna, ac consequat metus sapien ut nunc.', '2020-04-18 02:42:59', 0, 22, 6),
(98, 'Curabitur in libero ut massa volutpat convallis. Morbi odio odio, elementum eu, interdum eu, tincidunt in, leo.', '2020-05-22 20:00:01', 1, 23, 45),
(99, 'Vestibulum ac est lacinia nisi venenatis tristique.', '2020-03-23 21:30:59', 3, 24, 50),
(100, 'Maecenas leo odio, condimentum id, luctus nec, molestie sed, justo. Pellentesque viverra pede ac diam.', '2020-03-20 19:15:56', 1, 15, 11),
(101, 'Vestibulum sed magna at nunc commodo placerat.', '2020-04-13 11:00:08', 2, 5, 19),
(102, 'Morbi ut odio. Cras mi pede, malesuada in, imperdiet et, commodo vulputate, justo.', '2020-06-04 01:26:04', 3, 5, 7),
(103, 'Mauris enim leo, rhoncus sed, vestibulum sit amet, cursus id, turpis. Integer aliquet, massa id lobortis convallis, tortor risus dapibus augue, vel accumsan tellus nisi eu orci.', '2020-05-26 22:55:47', 4, 9, 8),
(104, 'Aliquam erat volutpat.', '2020-03-24 20:20:04', 2, 24, 30),
(105, 'Fusce posuere felis sed lacus. Morbi sem mauris, laoreet ut, rhoncus aliquet, pulvinar sed, nisl.', '2020-06-10 18:46:40', 1, 8, 50),
(106, 'Nullam varius.', '2020-03-09 09:53:52', 0, 4, 9),
(107, 'Nulla neque libero, convallis eget, eleifend luctus, ultricies eu, nibh.', '2020-04-12 05:27:03', 3, 9, 39),
(108, 'In congue.', '2020-01-24 05:43:16', 4, 17, 37),
(109, 'Cras mi pede, malesuada in, imperdiet et, commodo vulputate, justo. In blandit ultrices enim.', '2020-03-28 12:34:25', 5, 8, 40),
(110, 'Maecenas rhoncus aliquam lacus. Morbi quis tortor id nulla ultrices aliquet.', '2020-05-05 10:31:59', 0, 19, 49),
(111, 'Etiam vel augue.', '2020-03-31 12:27:46', 4, 11, 4),
(112, 'Praesent blandit lacinia erat.', '2020-03-30 14:37:34', 1, 1, 3),
(113, 'Proin leo odio, porttitor id, consequat in, consequat ut, nulla.', '2020-04-29 00:23:23', 1, 18, 45),
(114, 'Aliquam quis turpis eget elit sodales scelerisque. Mauris sit amet eros.', '2020-01-20 03:53:51', 2, 20, 26),
(115, 'Sed vel enim sit amet nunc viverra dapibus. Nulla suscipit ligula in lacus.', '2020-04-29 03:42:03', 5, 19, 48),
(116, 'In hac habitasse platea dictumst.', '2020-03-13 19:08:06', 5, 20, 50),
(117, 'Aenean sit amet justo.', '2020-01-14 10:35:22', 1, 8, 49),
(118, 'Vivamus in felis eu sapien cursus vestibulum.', '2020-03-02 12:27:58', 3, 7, 20),
(119, 'Nullam porttitor lacus at turpis.', '2020-01-12 00:25:59', 0, 3, 37),
(120, 'Praesent blandit lacinia erat. Vestibulum sed magna at nunc commodo placerat.', '2020-01-02 06:47:22', 2, 23, 41),
(121, 'Donec semper sapien a libero.', '2020-03-27 05:29:42', 4, 13, 20),
(122, 'Proin leo odio, porttitor id, consequat in, consequat ut, nulla. Sed accumsan felis.', '2020-03-24 16:00:21', 3, 10, 19),
(123, 'Fusce consequat.', '2020-03-05 11:02:23', 3, 10, 29),
(124, 'Nam nulla.', '2020-01-21 17:14:58', 2, 17, 3),
(125, 'Integer pede justo, lacinia eget, tincidunt eget, tempus vel, pede. Morbi porttitor lorem id ligula.', '2020-01-06 02:22:53', 0, 2, 45),
(126, 'In sagittis dui vel nisl. Duis ac nibh.', '2020-05-21 06:55:40', 0, 12, 11),
(127, 'Duis bibendum, felis sed interdum venenatis, turpis enim blandit mi, in porttitor pede justo eu massa. Donec dapibus.', '2020-01-30 10:01:37', 5, 19, 15),
(128, 'Vivamus metus arcu, adipiscing molestie, hendrerit at, vulputate vitae, nisl.', '2020-02-24 19:06:24', 0, 3, 5),
(129, 'Aenean lectus. Pellentesque eget nunc.', '2020-01-29 03:31:27', 1, 6, 5),
(130, 'Nam ultrices, libero non mattis pulvinar, nulla pede ullamcorper augue, a suscipit nulla elit ac nulla.', '2020-05-29 09:33:45', 5, 9, 30),
(131, 'In eleifend quam a odio. In hac habitasse platea dictumst.', '2020-06-06 14:55:29', 0, 4, 9),
(132, 'Etiam pretium iaculis justo. In hac habitasse platea dictumst.', '2020-01-11 20:36:24', 5, 15, 36),
(133, 'Vestibulum ac est lacinia nisi venenatis tristique. Fusce congue, diam id ornare imperdiet, sapien urna pretium nisl, ut volutpat sapien arcu sed augue.', '2020-05-08 18:41:08', 1, 23, 35),
(134, 'Nullam varius.', '2020-03-26 16:36:57', 3, 8, 25),
(135, 'Nulla ac enim. In tempor, turpis nec euismod scelerisque, quam turpis adipiscing lorem, vitae mattis nibh ligula nec sem.', '2020-03-30 16:04:54', 1, 13, 30),
(136, 'Duis bibendum, felis sed interdum venenatis, turpis enim blandit mi, in porttitor pede justo eu massa. Donec dapibus.', '2020-04-29 09:52:32', 4, 1, 7),
(137, 'Etiam faucibus cursus urna.', '2020-03-14 08:09:52', 4, 6, 35),
(138, 'Aenean lectus. Pellentesque eget nunc.', '2020-02-25 09:56:30', 5, 10, 47),
(139, 'Suspendisse potenti.', '2020-01-03 13:25:53', 3, 12, 6),
(140, 'Lorem ipsum dolor sit amet, consectetuer adipiscing elit. Proin interdum mauris non ligula pellentesque ultrices.', '2020-05-13 12:19:53', 4, 21, 34),
(141, 'Donec vitae nisi.', '2020-04-21 07:40:13', 4, 24, 38),
(142, 'Suspendisse ornare consequat lectus. In est risus, auctor sed, tristique in, tempus sit amet, sem.', '2020-04-14 20:23:52', 1, 1, 11),
(143, 'Fusce posuere felis sed lacus. Morbi sem mauris, laoreet ut, rhoncus aliquet, pulvinar sed, nisl.', '2020-02-14 16:37:27', 2, 10, 2),
(144, 'Aenean auctor gravida sem. Praesent id massa id nisl venenatis lacinia.', '2020-04-28 07:15:32', 1, 21, 4),
(145, 'Vivamus vestibulum sagittis sapien. Cum sociis natoque penatibus et magnis dis parturient montes, nascetur ridiculus mus.', '2020-06-05 17:08:51', 5, 5, 40),
(146, 'Pellentesque ultrices mattis odio. Donec vitae nisi.', '2020-04-28 16:18:17', 4, 23, 38),
(147, 'Quisque erat eros, viverra eget, congue eget, semper rutrum, nulla. Nunc purus.', '2020-01-26 03:54:33', 1, 10, 30),
(148, 'Nulla nisl.', '2020-05-03 10:50:11', 4, 7, 50),
(149, 'Quisque id justo sit amet sapien dignissim vestibulum.', '2020-06-12 03:31:12', 1, 4, 34),
(150, 'Maecenas pulvinar lobortis est. Phasellus sit amet erat.', '2020-04-04 10:05:58', 3, 6, 49);

-- --------------------------------------------------------

--
-- Table structure for table `products`
--

DROP TABLE IF EXISTS `products`;
CREATE TABLE IF NOT EXISTS `products` (
  `id` int(11) NOT NULL AUTO_INCREMENT,
  `name` varchar(50) NOT NULL,
  `price` decimal(5,2) DEFAULT NULL,
  `discount` decimal(3,0) DEFAULT NULL,
  `stock` int(11) DEFAULT '0',
  `image` varchar(50) CHARACTER SET utf8mb4 COLLATE utf8mb4_0900_ai_ci DEFAULT 'https://via.placeholder.com/150',
  `description` varchar(255) CHARACTER SET utf8mb4 COLLATE utf8mb4_0900_ai_ci DEFAULT NULL,
  `rating` int(11) DEFAULT NULL,
  PRIMARY KEY (`id`),
  UNIQUE KEY `name` (`name`)
) ENGINE=MyISAM AUTO_INCREMENT=51 DEFAULT CHARSET=utf8mb4 COLLATE=utf8mb4_0900_ai_ci;

--
-- Dumping data for table `products`
--

INSERT INTO `products` (`id`, `name`, `price`, `discount`, `stock`, `image`, `description`, `rating`) VALUES
(1, 'Daffy Duck\'s Movie: Fantastic Island', '49.88', '48', 0, 'https://via.placeholder.com/150', 'Phasellus sit amet erat. Nulla tempus. Vivamus in felis eu sapien cursus vestibulum. Proin eu mi. Nulla ac enim. In tempor, turpis nec euismod scelerisque, quam turpis adipiscing lorem, vitae mattis nibh ligula nec sem. Duis aliquam convallis nunc.', 4),
(2, 'Night of the Hunter, The', '67.29', '55', 0, 'https://via.placeholder.com/150', 'Nullam orci pede, venenatis non, sodales sed, tincidunt eu, felis. Fusce posuere felis sed lacus. Morbi sem mauris, laoreet ut, rhoncus aliquet, pulvinar sed, nisl. Nunc rhoncus dui vel sem. Sed sagittis. Nam congue, risus semper porta volutpat, quam pede', 4),
(3, 'Play Time (a.k.a. Playtime)', '4.67', '64', 0, 'https://via.placeholder.com/150', 'Etiam pretium iaculis justo. In hac habitasse platea dictumst. Etiam faucibus cursus urna. Ut tellus. Nulla ut erat id mauris vulputate elementum.', 4),
(4, 'Unfair Competition (Concorrenza sleale)', '44.78', '76', 0, 'https://via.placeholder.com/150', 'Nulla facilisi. Cras non velit nec nisi vulputate nonummy. Maecenas tincidunt lacus at velit. Vivamus vel nulla eget eros elementum pellentesque. Quisque porta volutpat erat. Quisque erat eros, viverra eget, congue eget, semper rutrum, nulla. Nunc purus. ', 1),
(5, 'Truman Show, The', '72.91', '74', 0, 'https://via.placeholder.com/150', 'Ut tellus. Nulla ut erat id mauris vulputate elementum. Nullam varius. Nulla facilisi. Cras non velit nec nisi vulputate nonummy. Maecenas tincidunt lacus at velit.', 2),
(6, 'The Invisible Boy', '1.81', '97', 0, 'https://via.placeholder.com/150', 'Morbi ut odio. Cras mi pede, malesuada in, imperdiet et, commodo vulputate, justo. In blandit ultrices enim. Lorem ipsum dolor sit amet, consectetuer adipiscing elit. Proin interdum mauris non ligula pellentesque ultrices. Phasellus id sapien in sapien ia', 4),
(7, 'Phone Call from a Stranger', '15.41', '21', 0, 'https://via.placeholder.com/150', 'Phasellus in felis. Donec semper sapien a libero. Nam dui. Proin leo odio, porttitor id, consequat in, consequat ut, nulla. Sed accumsan felis. Ut at dolor quis odio consequat varius.', 4),
(8, 'Lethal Weapon 3', '44.11', '2', 0, 'https://via.placeholder.com/150', 'Cum sociis natoque penatibus et magnis dis parturient montes, nascetur ridiculus mus. Etiam vel augue. Vestibulum rutrum rutrum neque. Aenean auctor gravida sem. Praesent id massa id nisl venenatis lacinia.', 1),
(9, 'Mummy Returns, The', '12.64', '19', 0, 'https://via.placeholder.com/150', 'Nulla ac enim. In tempor, turpis nec euismod scelerisque, quam turpis adipiscing lorem, vitae mattis nibh ligula nec sem. Duis aliquam convallis nunc. Proin at turpis a pede posuere nonummy. Integer non velit. Donec diam neque, vestibulum eget, vulputate ', 3),
(10, 'Udaan', '93.28', '6', 0, 'https://via.placeholder.com/150', 'Vestibulum ante ipsum primis in faucibus orci luctus et ultrices posuere cubilia Curae; Duis faucibus accumsan odio. Curabitur convallis. Duis consequat dui nec nisi volutpat eleifend. Donec ut dolor. Morbi vel lectus in quam fringilla rhoncus.', 2),
(11, 'Edmond', '69.82', '14', 0, 'https://via.placeholder.com/150', 'Proin at turpis a pede posuere nonummy. Integer non velit. Donec diam neque, vestibulum eget, vulputate ut, ultrices vel, augue. Vestibulum ante ipsum primis in faucibus orci luctus et ultrices posuere cubilia Curae; Donec pharetra, magna vestibulum aliqu', 5),
(12, 'Blood Simple', '66.14', '72', 0, 'https://via.placeholder.com/150', 'Nam nulla. Integer pede justo, lacinia eget, tincidunt eget, tempus vel, pede. Morbi porttitor lorem id ligula. Suspendisse ornare consequat lectus. In est risus, auctor sed, tristique in, tempus sit amet, sem. Fusce consequat. Nulla nisl. Nunc nisl. Duis', 5),
(13, 'Get Yourself a College Girl', '49.01', '98', 0, 'https://via.placeholder.com/150', 'Morbi non lectus. Aliquam sit amet diam in magna bibendum imperdiet. Nullam orci pede, venenatis non, sodales sed, tincidunt eu, felis. Fusce posuere felis sed lacus. Morbi sem mauris, laoreet ut, rhoncus aliquet, pulvinar sed, nisl. Nunc rhoncus dui vel ', 3),
(14, 'Risky Business', '93.04', '19', 0, 'https://via.placeholder.com/150', 'Mauris lacinia sapien quis libero. Nullam sit amet turpis elementum ligula vehicula consequat. Morbi a ipsum. Integer a nibh. In quis justo. Maecenas rhoncus aliquam lacus. Morbi quis tortor id nulla ultrices aliquet.', 1),
(15, 'Public Eye, The (Follow Me!)', '8.84', '95', 0, 'https://via.placeholder.com/150', 'Pellentesque ultrices mattis odio. Donec vitae nisi. Nam ultrices, libero non mattis pulvinar, nulla pede ullamcorper augue, a suscipit nulla elit ac nulla. Sed vel enim sit amet nunc viverra dapibus. Nulla suscipit ligula in lacus. Curabitur at ipsum ac ', 0),
(16, 'Fallen, The', '57.46', '30', 0, 'https://via.placeholder.com/150', 'Curabitur convallis. Duis consequat dui nec nisi volutpat eleifend. Donec ut dolor. Morbi vel lectus in quam fringilla rhoncus. Mauris enim leo, rhoncus sed, vestibulum sit amet, cursus id, turpis. Integer aliquet, massa id lobortis convallis, tortor risu', 2),
(17, 'Brokedown Palace', '96.00', '68', 0, 'https://via.placeholder.com/150', 'In eleifend quam a odio. In hac habitasse platea dictumst. Maecenas ut massa quis augue luctus tincidunt. Nulla mollis molestie lorem. Quisque ut erat. Curabitur gravida nisi at nibh. In hac habitasse platea dictumst. Aliquam augue quam, sollicitudin vita', 1),
(18, 'Body Snatchers', '39.50', '12', 0, 'https://via.placeholder.com/150', 'Donec semper sapien a libero. Nam dui. Proin leo odio, porttitor id, consequat in, consequat ut, nulla. Sed accumsan felis. Ut at dolor quis odio consequat varius. Integer ac leo. Pellentesque ultrices mattis odio. Donec vitae nisi.', 3),
(19, 'Santa Claus', '84.14', '29', 0, 'https://via.placeholder.com/150', 'Nulla ac enim. In tempor, turpis nec euismod scelerisque, quam turpis adipiscing lorem, vitae mattis nibh ligula nec sem. Duis aliquam convallis nunc. Proin at turpis a pede posuere nonummy. Integer non velit. Donec diam neque, vestibulum eget, vulputate ', 5),
(20, 'Seven (a.k.a. Se7en)', '68.54', '82', 0, 'https://via.placeholder.com/150', 'Mauris enim leo, rhoncus sed, vestibulum sit amet, cursus id, turpis. Integer aliquet, massa id lobortis convallis, tortor risus dapibus augue, vel accumsan tellus nisi eu orci. Mauris lacinia sapien quis libero. Nullam sit amet turpis elementum ligula ve', 5),
(21, 'Thank God It\'s Friday', '78.03', '100', 0, 'https://via.placeholder.com/150', 'In hac habitasse platea dictumst. Etiam faucibus cursus urna. Ut tellus. Nulla ut erat id mauris vulputate elementum. Nullam varius. Nulla facilisi. Cras non velit nec nisi vulputate nonummy. Maecenas tincidunt lacus at velit. Vivamus vel nulla eget eros ', 2),
(22, 'Barbie: A Fashion Fairytale', '26.96', '47', 0, 'https://via.placeholder.com/150', 'Vivamus metus arcu, adipiscing molestie, hendrerit at, vulputate vitae, nisl. Aenean lectus. Pellentesque eget nunc. Donec quis orci eget orci vehicula condimentum. Curabitur in libero ut massa volutpat convallis. Morbi odio odio, elementum eu, interdum e', 3),
(23, 'Road to Morocco', '47.22', '84', 0, 'https://via.placeholder.com/150', 'Phasellus id sapien in sapien iaculis congue. Vivamus metus arcu, adipiscing molestie, hendrerit at, vulputate vitae, nisl. Aenean lectus. Pellentesque eget nunc. Donec quis orci eget orci vehicula condimentum. Curabitur in libero ut massa volutpat conval', 0),
(24, 'One Last Hug', '25.48', '4', 0, 'https://via.placeholder.com/150', 'Aenean fermentum. Donec ut mauris eget massa tempor convallis. Nulla neque libero, convallis eget, eleifend luctus, ultricies eu, nibh. Quisque id justo sit amet sapien dignissim vestibulum. Vestibulum ante ipsum primis in faucibus orci luctus et ultrices', 3),
(25, 'Rear Window', '77.34', '64', 0, 'https://via.placeholder.com/150', 'Vestibulum sed magna at nunc commodo placerat. Praesent blandit. Nam nulla. Integer pede justo, lacinia eget, tincidunt eget, tempus vel, pede. Morbi porttitor lorem id ligula.', 2),
(26, 'Oklahoma Kid, The', '65.74', '69', 0, 'https://via.placeholder.com/150', 'Mauris enim leo, rhoncus sed, vestibulum sit amet, cursus id, turpis. Integer aliquet, massa id lobortis convallis, tortor risus dapibus augue, vel accumsan tellus nisi eu orci. Mauris lacinia sapien quis libero. Nullam sit amet turpis elementum ligula ve', 2),
(27, 'Margaret', '9.60', '39', 0, 'https://via.placeholder.com/150', 'Donec posuere metus vitae ipsum. Aliquam non mauris. Morbi non lectus. Aliquam sit amet diam in magna bibendum imperdiet. Nullam orci pede, venenatis non, sodales sed, tincidunt eu, felis. Fusce posuere felis sed lacus. Morbi sem mauris, laoreet ut, rhonc', 3),
(28, 'Some Like It Hot', '10.14', '47', 0, 'https://via.placeholder.com/150', 'Morbi a ipsum. Integer a nibh. In quis justo. Maecenas rhoncus aliquam lacus. Morbi quis tortor id nulla ultrices aliquet. Maecenas leo odio, condimentum id, luctus nec, molestie sed, justo. Pellentesque viverra pede ac diam. Cras pellentesque volutpat du', 3),
(29, 'Snow Cake', '40.27', '39', 0, 'https://via.placeholder.com/150', 'Morbi quis tortor id nulla ultrices aliquet. Maecenas leo odio, condimentum id, luctus nec, molestie sed, justo. Pellentesque viverra pede ac diam. Cras pellentesque volutpat dui. Maecenas tristique, est et tempus semper, est quam pharetra magna, ac conse', 0),
(30, 'Last Airbender, The', '2.29', '44', 0, 'https://via.placeholder.com/150', 'Vivamus in felis eu sapien cursus vestibulum. Proin eu mi. Nulla ac enim. In tempor, turpis nec euismod scelerisque, quam turpis adipiscing lorem, vitae mattis nibh ligula nec sem. Duis aliquam convallis nunc. Proin at turpis a pede posuere nonummy. Integ', 3),
(31, 'Spaced Invaders', '43.58', '80', 0, 'https://via.placeholder.com/150', 'Nullam molestie nibh in lectus. Pellentesque at nulla. Suspendisse potenti. Cras in purus eu magna vulputate luctus. Cum sociis natoque penatibus et magnis dis parturient montes, nascetur ridiculus mus. Vivamus vestibulum sagittis sapien. Cum sociis natoq', 3),
(32, 'Golden Earrings', '91.91', '17', 0, 'https://via.placeholder.com/150', 'Duis aliquam convallis nunc. Proin at turpis a pede posuere nonummy. Integer non velit. Donec diam neque, vestibulum eget, vulputate ut, ultrices vel, augue. Vestibulum ante ipsum primis in faucibus orci luctus et ultrices posuere cubilia Curae; Donec pha', 0),
(33, 'Doulos, Le', '34.61', '73', 0, 'https://via.placeholder.com/150', 'Proin leo odio, porttitor id, consequat in, consequat ut, nulla. Sed accumsan felis. Ut at dolor quis odio consequat varius. Integer ac leo. Pellentesque ultrices mattis odio. Donec vitae nisi. Nam ultrices, libero non mattis pulvinar, nulla pede ullamcor', 4),
(34, 'Cage aux Folles II, La', '70.76', '26', 0, 'https://via.placeholder.com/150', 'Proin interdum mauris non ligula pellentesque ultrices. Phasellus id sapien in sapien iaculis congue. Vivamus metus arcu, adipiscing molestie, hendrerit at, vulputate vitae, nisl. Aenean lectus. Pellentesque eget nunc. Donec quis orci eget orci vehicula c', 1),
(35, 'Orange County', '49.94', '48', 0, 'https://via.placeholder.com/150', 'Sed accumsan felis. Ut at dolor quis odio consequat varius. Integer ac leo. Pellentesque ultrices mattis odio. Donec vitae nisi. Nam ultrices, libero non mattis pulvinar, nulla pede ullamcorper augue, a suscipit nulla elit ac nulla. Sed vel enim sit amet ', 0),
(36, 'King Corn', '26.06', '74', 0, 'https://via.placeholder.com/150', 'Proin leo odio, porttitor id, consequat in, consequat ut, nulla. Sed accumsan felis. Ut at dolor quis odio consequat varius. Integer ac leo. Pellentesque ultrices mattis odio. Donec vitae nisi. Nam ultrices, libero non mattis pulvinar, nulla pede ullamcor', 1),
(37, 'Mamitas', '76.35', '94', 0, 'https://via.placeholder.com/150', 'Suspendisse ornare consequat lectus. In est risus, auctor sed, tristique in, tempus sit amet, sem. Fusce consequat. Nulla nisl. Nunc nisl. Duis bibendum, felis sed interdum venenatis, turpis enim blandit mi, in porttitor pede justo eu massa. Donec dapibus', 1),
(38, 'Killing Fields, The', '62.07', '41', 0, 'https://via.placeholder.com/150', 'Duis bibendum. Morbi non quam nec dui luctus rutrum. Nulla tellus. In sagittis dui vel nisl. Duis ac nibh. Fusce lacus purus, aliquet at, feugiat non, pretium quis, lectus. Suspendisse potenti. In eleifend quam a odio. In hac habitasse platea dictumst. Ma', 5),
(39, 'Seduced and Abandoned (Sedotta e abbandonata)', '46.70', '62', 0, 'https://via.placeholder.com/150', 'Cum sociis natoque penatibus et magnis dis parturient montes, nascetur ridiculus mus. Etiam vel augue. Vestibulum rutrum rutrum neque. Aenean auctor gravida sem. Praesent id massa id nisl venenatis lacinia. Aenean sit amet justo.', 4),
(40, 'Beauty and the Beast', '93.27', '65', 0, 'https://via.placeholder.com/150', 'Maecenas leo odio, condimentum id, luctus nec, molestie sed, justo. Pellentesque viverra pede ac diam. Cras pellentesque volutpat dui. Maecenas tristique, est et tempus semper, est quam pharetra magna, ac consequat metus sapien ut nunc. Vestibulum ante ip', 3),
(41, 'Hallelujah I\'m a Bum', '73.29', '84', 0, 'https://via.placeholder.com/150', 'Pellentesque eget nunc. Donec quis orci eget orci vehicula condimentum. Curabitur in libero ut massa volutpat convallis. Morbi odio odio, elementum eu, interdum eu, tincidunt in, leo. Maecenas pulvinar lobortis est. Phasellus sit amet erat. Nulla tempus. ', 1),
(42, 'Battle of China, The (Why We Fight, 6)', '70.89', '71', 0, 'https://via.placeholder.com/150', 'Duis bibendum. Morbi non quam nec dui luctus rutrum. Nulla tellus. In sagittis dui vel nisl. Duis ac nibh.', 0),
(43, 'E.T. the Extra-Terrestrial', '58.36', '84', 0, 'https://via.placeholder.com/150', 'Morbi porttitor lorem id ligula. Suspendisse ornare consequat lectus. In est risus, auctor sed, tristique in, tempus sit amet, sem. Fusce consequat. Nulla nisl. Nunc nisl. Duis bibendum, felis sed interdum venenatis, turpis enim blandit mi, in porttitor p', 3),
(44, 'Somewhere in the City', '89.90', '63', 0, 'https://via.placeholder.com/150', 'Aliquam erat volutpat. In congue. Etiam justo. Etiam pretium iaculis justo. In hac habitasse platea dictumst. Etiam faucibus cursus urna. Ut tellus. Nulla ut erat id mauris vulputate elementum. Nullam varius. Nulla facilisi.', 1),
(45, 'Ghost Ship', '21.62', '95', 0, 'https://via.placeholder.com/150', 'Integer tincidunt ante vel ipsum. Praesent blandit lacinia erat. Vestibulum sed magna at nunc commodo placerat. Praesent blandit. Nam nulla. Integer pede justo, lacinia eget, tincidunt eget, tempus vel, pede.', 5),
(46, 'Creation of the Humanoids, The', '61.31', '68', 0, 'https://via.placeholder.com/150', 'Quisque id justo sit amet sapien dignissim vestibulum. Vestibulum ante ipsum primis in faucibus orci luctus et ultrices posuere cubilia Curae; Nulla dapibus dolor vel est. Donec odio justo, sollicitudin ut, suscipit a, feugiat et, eros. Vestibulum ac est ', 3),
(47, 'Exorcist III, The', '25.91', '26', 0, 'https://via.placeholder.com/150', 'Suspendisse ornare consequat lectus. In est risus, auctor sed, tristique in, tempus sit amet, sem. Fusce consequat. Nulla nisl. Nunc nisl. Duis bibendum, felis sed interdum venenatis, turpis enim blandit mi, in porttitor pede justo eu massa.', 2),
(48, 'Pit and the Pendulum, The', '19.01', '89', 0, 'https://via.placeholder.com/150', 'Sed accumsan felis. Ut at dolor quis odio consequat varius. Integer ac leo. Pellentesque ultrices mattis odio. Donec vitae nisi. Nam ultrices, libero non mattis pulvinar, nulla pede ullamcorper augue, a suscipit nulla elit ac nulla. Sed vel enim sit amet ', 5),
(49, 'World Apart, A', '65.04', '44', 0, 'https://via.placeholder.com/150', 'Aliquam erat volutpat. In congue. Etiam justo. Etiam pretium iaculis justo. In hac habitasse platea dictumst. Etiam faucibus cursus urna. Ut tellus. Nulla ut erat id mauris vulputate elementum. Nullam varius.', 1),
(50, 'Hum Dil De Chuke Sanam', '43.56', '49', 0, 'https://via.placeholder.com/150', 'Lorem ipsum dolor sit amet, consectetuer adipiscing elit. Proin risus. Praesent lectus. Vestibulum quam sapien, varius ut, blandit non, interdum in, ante. Vestibulum ante ipsum primis in faucibus orci luctus et ultrices posuere cubilia Curae; Duis faucibu', 4);

-- --------------------------------------------------------

--
-- Table structure for table `purchases`
--

DROP TABLE IF EXISTS `purchases`;
CREATE TABLE IF NOT EXISTS `purchases` (
  `id` int(11) NOT NULL AUTO_INCREMENT,
  `price` decimal(5,2) NOT NULL,
  `date` datetime NOT NULL,
  `user_id` int(11) DEFAULT NULL,
  PRIMARY KEY (`id`),
  KEY `user_id` (`user_id`)
) ENGINE=MyISAM AUTO_INCREMENT=251 DEFAULT CHARSET=utf8mb4 COLLATE=utf8mb4_0900_ai_ci;

--
-- Dumping data for table `purchases`
--

INSERT INTO `purchases` (`id`, `price`, `date`, `user_id`) VALUES
(1, '121.39', '2020-11-29 13:00:18', 16),
(2, '138.71', '2020-03-26 18:46:24', 13),
(3, '115.88', '2020-03-01 09:49:17', 1),
(4, '131.90', '2020-06-05 15:23:48', 22),
(5, '153.14', '2020-12-14 07:37:57', 24),
(6, '89.46', '2020-10-28 04:51:40', 24),
(7, '135.79', '2020-06-06 21:56:53', 12),
(8, '157.73', '2020-12-21 06:56:24', 12),
(9, '26.12', '2020-03-05 20:07:46', 2),
(10, '111.49', '2020-03-29 09:33:40', 9),
(11, '9.62', '2020-02-15 15:20:57', 18),
(12, '6.20', '2020-11-09 21:25:26', 7),
(13, '57.01', '2020-01-14 14:34:23', 22),
(14, '146.27', '2020-08-19 00:32:11', 20),
(15, '191.04', '2020-07-17 09:41:02', 4),
(16, '188.03', '2020-01-20 01:28:31', 3),
(17, '109.31', '2020-11-09 11:40:34', 17),
(18, '109.59', '2020-09-30 16:08:05', 1),
(19, '50.60', '2020-02-20 19:56:47', 11),
(20, '46.12', '2020-07-08 02:13:08', 4),
(21, '91.16', '2020-05-29 14:58:31', 8),
(22, '22.58', '2020-07-15 07:44:38', 5),
(23, '87.06', '2020-11-07 02:05:05', 10),
(24, '133.14', '2020-12-22 19:53:12', 16),
(25, '99.33', '2020-06-25 20:25:06', 2),
(26, '185.15', '2020-03-23 12:25:12', 23),
(27, '146.78', '2020-01-12 13:01:53', 5),
(28, '122.84', '2020-12-06 15:44:59', 10),
(29, '119.85', '2020-09-02 04:03:11', 8),
(30, '22.98', '2020-02-02 13:53:18', 8),
(31, '27.55', '2020-08-18 05:14:10', 9),
(32, '115.30', '2020-09-27 07:22:30', 23),
(33, '142.90', '2020-10-02 16:13:02', 21),
(34, '180.73', '2020-01-15 08:48:50', 4),
(35, '141.97', '2020-07-28 11:40:22', 18),
(36, '158.72', '2020-12-06 10:23:56', 19),
(37, '27.85', '2020-08-20 13:47:23', 23),
(38, '72.65', '2020-04-27 20:51:37', 14),
(39, '112.77', '2020-05-05 01:43:47', 23),
(40, '115.41', '2020-07-26 11:02:55', 14),
(41, '160.68', '2020-03-07 09:35:33', 8),
(42, '29.18', '2020-03-09 17:12:03', 3),
(43, '125.72', '2020-11-07 07:20:54', 9),
(44, '108.63', '2020-03-15 23:21:32', 13),
(45, '9.53', '2020-10-11 14:03:19', 15),
(46, '173.77', '2020-08-11 23:32:57', 16),
(47, '190.70', '2020-08-22 14:03:40', 1),
(48, '88.83', '2020-07-10 15:58:56', 12),
(49, '24.91', '2020-02-24 23:26:10', 13),
(50, '61.26', '2020-05-04 02:53:05', 24),
(51, '141.94', '2020-11-15 11:58:47', 24),
(52, '77.87', '2020-08-31 23:06:16', 4),
(53, '87.13', '2020-06-03 01:21:18', 15),
(54, '168.31', '2020-12-14 05:03:13', 25),
(55, '111.68', '2020-03-20 13:35:09', 14),
(56, '79.16', '2020-09-28 13:10:55', 5),
(57, '167.38', '2020-02-11 05:55:05', 12),
(58, '35.56', '2020-02-26 08:15:51', 11),
(59, '139.96', '2020-01-07 22:51:12', 3),
(60, '89.85', '2020-09-30 11:51:03', 7),
(61, '158.62', '2020-02-18 15:27:46', 17),
(62, '150.68', '2020-04-01 01:12:10', 23),
(63, '71.93', '2020-10-10 14:06:37', 11),
(64, '63.60', '2020-03-27 02:52:40', 18),
(65, '153.94', '2020-04-11 17:16:43', 16),
(66, '15.60', '2020-08-07 16:07:21', 6),
(67, '58.11', '2020-02-03 11:10:28', 1),
(68, '114.13', '2020-07-27 13:40:04', 4),
(69, '169.97', '2020-08-22 17:18:42', 2),
(70, '171.46', '2020-12-18 13:46:31', 12),
(71, '50.39', '2020-12-02 22:16:18', 24),
(72, '63.69', '2020-03-25 19:29:04', 2),
(73, '31.55', '2020-05-24 01:00:38', 15),
(74, '88.87', '2020-05-29 07:48:26', 21),
(75, '9.31', '2020-05-13 23:45:31', 19),
(76, '98.17', '2020-12-03 07:41:27', 24),
(77, '23.83', '2020-10-09 23:01:56', 8),
(78, '170.52', '2020-04-15 00:46:05', 11),
(79, '125.71', '2020-12-10 23:54:00', 14),
(80, '169.22', '2020-01-17 21:25:33', 18),
(81, '38.04', '2020-07-18 10:46:24', 21),
(82, '123.45', '2020-11-30 12:21:12', 12),
(83, '73.27', '2020-07-04 03:53:25', 19),
(84, '93.93', '2020-11-26 22:01:16', 5),
(85, '101.74', '2020-07-01 04:23:43', 13),
(86, '101.21', '2020-08-25 04:21:21', 20),
(87, '134.81', '2020-03-10 09:03:29', 18),
(88, '127.54', '2020-07-19 10:38:02', 8),
(89, '72.62', '2020-03-14 19:59:16', 11),
(90, '10.23', '2020-12-05 06:43:08', 24),
(91, '11.79', '2020-11-29 08:57:39', 17),
(92, '108.31', '2020-11-20 09:20:49', 18),
(93, '115.34', '2020-04-06 07:44:30', 11),
(94, '189.86', '2020-07-01 12:58:04', 8),
(95, '128.66', '2020-06-25 18:39:50', 3),
(96, '49.95', '2020-03-18 12:20:17', 19),
(97, '193.68', '2020-10-09 12:31:16', 12),
(98, '28.89', '2020-03-21 16:12:49', 17),
(99, '119.52', '2020-04-11 03:59:17', 3),
(100, '29.82', '2020-08-07 19:22:24', 24),
(101, '96.69', '2020-09-12 06:52:16', 15),
(102, '194.19', '2020-12-20 02:07:57', 16),
(103, '166.55', '2020-07-25 10:54:56', 16),
(104, '18.91', '2020-09-22 04:04:54', 7),
(105, '183.94', '2020-08-11 12:02:42', 21),
(106, '80.76', '2020-05-27 21:46:05', 3),
(107, '42.64', '2020-01-11 21:32:40', 10),
(108, '14.24', '2020-12-06 07:12:29', 15),
(109, '114.46', '2020-01-04 06:04:25', 5),
(110, '40.38', '2020-12-02 10:04:36', 15),
(111, '151.17', '2020-06-17 11:58:40', 13),
(112, '38.68', '2020-07-31 23:21:08', 9),
(113, '41.36', '2020-03-22 15:45:47', 4),
(114, '137.03', '2020-12-02 16:03:01', 5),
(115, '167.03', '2020-05-25 20:43:04', 16),
(116, '39.38', '2020-04-21 10:10:58', 5),
(117, '105.16', '2020-10-11 22:17:56', 2),
(118, '62.72', '2020-11-06 17:26:21', 24),
(119, '60.82', '2020-06-07 21:50:46', 22),
(120, '112.41', '2020-11-20 10:12:10', 15),
(121, '80.33', '2020-12-24 09:56:00', 14),
(122, '109.48', '2020-12-20 09:32:19', 15),
(123, '137.73', '2020-05-24 16:38:04', 23),
(124, '126.69', '2020-05-22 15:00:28', 20),
(125, '130.18', '2020-08-31 08:57:40', 7),
(126, '88.06', '2020-02-13 09:30:21', 10),
(127, '24.00', '2020-05-01 03:09:18', 18),
(128, '151.27', '2020-12-10 09:10:08', 14),
(129, '33.41', '2020-09-13 13:13:16', 5),
(130, '30.65', '2020-07-28 03:49:58', 6),
(131, '153.13', '2020-07-28 04:22:21', 5),
(132, '62.27', '2020-02-10 00:01:05', 1),
(133, '111.89', '2020-12-11 22:58:57', 15),
(134, '75.80', '2020-03-23 01:43:25', 14),
(135, '58.13', '2020-08-21 01:24:29', 24),
(136, '170.14', '2020-10-06 03:46:37', 17),
(137, '9.98', '2020-04-04 10:46:22', 15),
(138, '150.90', '2020-08-08 22:06:34', 3),
(139, '183.40', '2020-04-21 05:54:58', 14),
(140, '90.83', '2020-01-17 06:36:29', 11),
(141, '43.53', '2020-01-19 00:14:58', 9),
(142, '194.02', '2020-10-07 06:12:19', 6),
(143, '4.72', '2020-11-30 11:16:25', 4),
(144, '100.87', '2020-08-12 21:50:54', 18),
(145, '13.53', '2020-11-08 05:32:26', 15),
(146, '188.29', '2020-10-24 10:10:38', 17),
(147, '55.61', '2020-01-02 00:58:26', 10),
(148, '79.22', '2020-07-20 20:32:37', 15),
(149, '114.07', '2020-01-05 18:49:40', 23),
(150, '191.39', '2020-11-04 21:34:48', 20),
(151, '168.59', '2020-07-15 05:29:57', 5),
(152, '109.32', '2020-07-27 14:02:47', 24),
(153, '107.91', '2020-11-29 07:38:15', 2),
(154, '169.51', '2020-11-22 06:54:10', 17),
(155, '133.68', '2020-11-25 01:11:47', 18),
(156, '193.25', '2020-07-02 05:17:48', 11),
(157, '144.91', '2020-07-18 03:06:43', 6),
(158, '83.83', '2020-02-03 19:56:43', 16),
(159, '143.40', '2020-08-25 19:23:15', 25),
(160, '65.53', '2020-09-27 06:17:38', 23),
(161, '55.10', '2020-09-06 06:21:57', 18),
(162, '108.33', '2020-12-06 15:04:50', 23),
(163, '49.27', '2020-01-18 12:51:04', 13),
(164, '62.36', '2020-12-19 14:13:19', 1),
(165, '85.47', '2020-03-06 00:32:38', 10),
(166, '83.47', '2020-04-29 11:32:30', 25),
(167, '120.83', '2020-08-23 17:44:44', 18),
(168, '167.78', '2020-12-25 23:35:12', 19),
(169, '113.67', '2020-11-19 09:13:21', 20),
(170, '64.54', '2020-02-02 03:42:22', 14),
(171, '17.79', '2020-10-10 03:02:12', 13),
(172, '84.55', '2020-10-28 11:52:34', 20),
(173, '163.07', '2020-08-21 06:07:07', 11),
(174, '160.91', '2020-09-26 06:34:20', 18),
(175, '52.50', '2020-08-20 17:02:12', 8),
(176, '107.31', '2020-04-13 16:52:30', 10),
(177, '187.58', '2020-11-22 13:03:19', 23),
(178, '190.01', '2020-02-25 02:53:10', 1),
(179, '114.87', '2020-08-13 18:55:32', 21),
(180, '79.64', '2020-03-10 19:29:27', 24),
(181, '168.55', '2020-01-21 20:39:11', 16),
(182, '54.53', '2020-11-12 23:56:00', 7),
(183, '56.81', '2020-10-28 05:24:45', 23),
(184, '3.44', '2020-11-28 14:26:07', 22),
(185, '174.95', '2020-09-02 03:34:06', 8),
(186, '10.96', '2020-03-17 05:51:24', 11),
(187, '155.50', '2020-10-29 20:37:12', 10),
(188, '113.66', '2020-04-10 12:26:01', 4),
(189, '125.54', '2020-11-11 17:23:23', 19),
(190, '177.28', '2020-07-20 07:03:09', 4),
(191, '129.35', '2020-04-02 10:45:56', 21),
(192, '145.12', '2020-09-18 22:31:01', 12),
(193, '67.24', '2020-08-10 14:05:04', 16),
(194, '31.58', '2020-02-10 00:23:35', 11),
(195, '122.88', '2020-09-10 20:26:57', 24),
(196, '45.33', '2020-04-07 09:32:20', 6),
(197, '168.81', '2020-08-16 04:50:54', 9),
(198, '70.03', '2020-08-28 11:25:50', 22),
(199, '128.41', '2020-04-10 07:50:24', 6),
(200, '54.42', '2020-03-09 15:27:59', 17),
(201, '79.04', '2020-02-17 13:22:53', 21),
(202, '138.19', '2020-11-28 17:02:03', 2),
(203, '82.54', '2020-09-03 06:52:40', 6),
(204, '121.66', '2020-02-26 01:53:19', 9),
(205, '159.04', '2020-01-03 04:58:22', 9),
(206, '59.29', '2020-09-03 13:22:24', 4),
(207, '63.50', '2020-06-24 04:14:12', 20),
(208, '30.87', '2020-01-04 07:31:35', 18),
(209, '83.03', '2020-03-06 10:40:32', 6),
(210, '158.87', '2020-07-05 23:52:06', 21),
(211, '18.55', '2020-07-02 00:07:51', 8),
(212, '26.18', '2020-03-04 23:20:36', 22),
(213, '137.60', '2020-10-12 12:02:58', 4),
(214, '16.64', '2020-01-31 18:41:09', 15),
(215, '50.37', '2020-04-10 14:13:10', 25),
(216, '30.24', '2020-03-11 18:57:10', 12),
(217, '39.88', '2020-03-25 04:11:52', 19),
(218, '74.91', '2020-10-04 00:43:57', 9),
(219, '126.99', '2020-03-02 00:04:59', 1),
(220, '130.34', '2020-12-18 16:24:46', 14),
(221, '39.80', '2020-02-28 17:44:04', 24),
(222, '32.07', '2020-04-28 22:44:35', 17),
(223, '187.35', '2020-08-19 14:38:44', 12),
(224, '159.26', '2020-01-05 22:22:21', 15),
(225, '111.55', '2020-10-28 20:43:33', 25),
(226, '87.36', '2020-04-10 05:09:36', 20),
(227, '47.51', '2020-04-18 05:09:51', 6),
(228, '175.24', '2020-04-07 17:17:27', 4),
(229, '40.58', '2020-11-04 02:34:53', 13),
(230, '10.79', '2020-08-16 23:40:56', 22),
(231, '75.35', '2020-02-13 02:55:41', 13),
(232, '27.19', '2020-05-17 02:54:47', 7),
(233, '94.33', '2020-03-02 09:01:40', 4),
(234, '65.07', '2020-07-02 08:11:28', 11),
(235, '157.28', '2020-11-24 21:34:59', 1),
(236, '20.04', '2020-07-01 21:13:28', 23),
(237, '5.09', '2020-02-18 23:07:06', 15),
(238, '151.09', '2020-02-13 17:27:10', 9),
(239, '68.06', '2020-06-06 05:12:49', 6),
(240, '9.15', '2020-11-05 07:36:52', 8),
(241, '126.79', '2020-11-05 18:59:34', 8),
(242, '75.25', '2020-12-15 10:30:39', 9),
(243, '29.92', '2020-06-29 00:55:42', 5),
(244, '164.96', '2020-01-09 08:41:05', 4),
(245, '83.70', '2020-03-21 08:20:34', 11),
(246, '177.79', '2020-04-05 03:54:46', 22),
(247, '17.78', '2020-06-20 19:47:38', 3),
(248, '183.76', '2020-04-13 23:20:43', 17),
(249, '36.08', '2020-05-30 11:24:36', 10),
(250, '152.05', '2020-05-19 21:28:44', 7);

-- --------------------------------------------------------

--
-- Table structure for table `purchases_products`
--

DROP TABLE IF EXISTS `purchases_products`;
CREATE TABLE IF NOT EXISTS `purchases_products` (
  `purchase_id` int(11) NOT NULL,
  `product_id` int(11) NOT NULL,
  PRIMARY KEY (`purchase_id`,`product_id`),
  KEY `product_id` (`product_id`)
) ENGINE=MyISAM DEFAULT CHARSET=utf8mb4 COLLATE=utf8mb4_0900_ai_ci;

-- --------------------------------------------------------

--
-- Table structure for table `users`
--

DROP TABLE IF EXISTS `users`;
CREATE TABLE IF NOT EXISTS `users` (
  `id` int(11) NOT NULL AUTO_INCREMENT,
  `username` varchar(60) DEFAULT NULL,
  `password_hash` varchar(128) DEFAULT NULL,
  `email` varchar(60) DEFAULT NULL,
  `first_name` varchar(60) DEFAULT NULL,
  `last_name` varchar(60) DEFAULT NULL,
  `subscription` datetime NOT NULL,
  `birthdate` datetime NOT NULL,
  `is_admin` tinyint(1) DEFAULT NULL,
  PRIMARY KEY (`id`),
  UNIQUE KEY `ix_users_email` (`email`),
  UNIQUE KEY `ix_users_username` (`username`),
  KEY `ix_users_first_name` (`first_name`),
  KEY `ix_users_last_name` (`last_name`)
) ;

--
-- Dumping data for table `users`
--

INSERT INTO `users` (`id`, `username`, `password_hash`, `email`, `first_name`, `last_name`, `subscription`, `birthdate`, `is_admin`) VALUES
(1, 'lbackman0', 'oGUIzM0Cjs', 'lbackman0@wikispaces.com', 'Loydie', 'Backman', '2020-03-03 12:56:26', '2016-03-13 16:24:32', NULL),
(2, 'mcatteroll1', '2EpF2rFilHl', 'mcatteroll1@taobao.com', 'Min', 'Catteroll', '2020-09-20 15:54:55', '1998-07-18 20:43:50', NULL),
(3, 'fwycliff2', 'zBOzzd3', 'fwycliff2@infoseek.co.jp', 'Fenelia', 'Wycliff', '2020-02-07 02:17:22', '2012-06-20 16:04:24', NULL),
(4, 'rbudik3', 'XpHGi2A', 'rbudik3@statcounter.com', 'Ragnar', 'Budik', '2020-09-06 13:10:27', '1981-03-07 19:52:06', NULL),
(5, 'pboland4', 'ZOvy3KbPJ', 'pboland4@virginia.edu', 'Phaidra', 'Boland', '2020-04-26 18:26:28', '1979-11-14 20:31:14', NULL),
(6, 'lgrimshaw5', 'U5TJLD', 'lgrimshaw5@flavors.me', 'Liz', 'Grimshaw', '2020-05-23 07:09:06', '2003-10-22 13:27:51', NULL),
(7, 'hwarrilow6', 'pyTbXWyw', 'hwarrilow6@unicef.org', 'Heloise', 'Warrilow', '2020-04-29 10:38:43', '1965-11-28 14:48:18', NULL),
(8, 'kbenfell7', '4HIkhUU9KzSR', 'kbenfell7@state.gov', 'Kassandra', 'Benfell', '2020-09-30 15:10:08', '2019-10-11 06:34:08', NULL),
(9, 'mdayne8', 'u3fi50f5h', 'mdayne8@drupal.org', 'Maurizio', 'Dayne', '2020-01-20 18:15:20', '1956-02-25 04:48:11', NULL),
(10, 'dsmitheram9', 'NAnqohAJ', 'dsmitheram9@theglobeandmail.com', 'Derry', 'Smitheram', '2020-12-23 22:02:04', '1979-09-21 00:43:50', NULL),
(11, 'tmoodycliffea', 'qF4W7fUSQJY', 'tmoodycliffea@walmart.com', 'Thornie', 'Moodycliffe', '2020-05-10 10:59:37', '1967-03-03 20:21:29', NULL),
(12, 'ddanburyb', 'DAanH7', 'ddanburyb@github.com', 'Darsey', 'Danbury', '2020-04-30 14:45:12', '1951-09-27 01:22:22', NULL),
(13, 'aingsc', 'CmHpo3VD', 'aingsc@scribd.com', 'Avril', 'Ings', '2020-06-07 17:14:39', '1955-11-05 08:15:00', NULL),
(14, 'tnuttd', 'n35Uxw', 'tnuttd@domainmarket.com', 'Tarra', 'Nutt', '2020-03-26 01:35:00', '1992-04-21 20:51:07', NULL),
(15, 'wfitzsymondse', '5Lb05e77c9', 'wfitzsymondse@facebook.com', 'Westley', 'Fitzsymonds', '2020-01-18 19:53:31', '1995-09-23 02:35:51', NULL),
(16, 'hshevelsf', '2KCLNI0Qn80', 'hshevelsf@cpanel.net', 'Hastie', 'Shevels', '2020-02-14 04:25:21', '1984-06-30 12:00:22', NULL),
(17, 'adimitrescug', 'cdlQaoXCgVLn', 'adimitrescug@reddit.com', 'Amery', 'Dimitrescu', '2020-07-20 19:00:34', '2011-06-28 15:18:23', NULL),
(18, 'cclaraeh', 'SN8S35', 'cclaraeh@theglobeandmail.com', 'Cullen', 'Clarae', '2020-03-25 20:51:27', '1967-11-23 17:27:46', NULL),
(19, 'kshilburnei', 'iuKknx', 'kshilburnei@nationalgeographic.com', 'Kaspar', 'Shilburne', '2020-02-12 12:06:19', '1978-06-07 02:30:07', NULL),
(20, 'hsterrickerj', '2l5Nu6j0Xv', 'hsterrickerj@over-blog.com', 'Heida', 'Sterricker', '2020-05-10 16:33:29', '1955-02-05 00:11:26', NULL),
(21, 'rgalvank', 'jHzDpFdGceq', 'rgalvank@csmonitor.com', 'Roselia', 'Galvan', '2020-03-21 12:18:47', '2014-06-23 15:58:59', NULL),
(22, 'mkarpetsl', 'RqFGSL', 'mkarpetsl@rambler.ru', 'Menard', 'Karpets', '2020-02-29 22:43:22', '1975-10-08 22:53:49', NULL),
(23, 'piannim', 'Hbxcna3J', 'piannim@huffingtonpost.com', 'Paxon', 'Ianni', '2020-10-30 18:30:12', '1954-03-05 14:10:13', NULL),
(24, 'sellereyn', 'h7MwywgUG', 'sellereyn@usgs.gov', 'Sayers', 'Ellerey', '2020-06-24 04:00:44', '1954-10-05 21:15:21', NULL),
(25, 'lkrebero', 'JgfEg1Xg6W', 'lkrebero@sakura.ne.jp', 'Lettie', 'Kreber', '2020-11-02 21:04:56', '1951-11-02 07:15:36', NULL),
(26, 'mmiskinp', 'k7cZjm', 'mmiskinp@disqus.com', 'Maddi', 'Miskin', '2020-07-28 02:23:54', '1984-02-16 18:39:53', NULL),
(27, 'breddingq', 'cB3sl1Noq', 'breddingq@tamu.edu', 'Brittany', 'Redding', '2020-06-03 05:31:42', '1951-09-19 04:08:02', NULL),
(28, 'rwilseer', 'KG1BL8', 'rwilseer@google.ca', 'Rania', 'Wilsee', '2020-10-08 17:54:27', '1966-02-12 21:21:20', NULL),
(29, 'cmoyseys', '1vRbc3xqMr87', 'cmoyseys@ucoz.ru', 'Colin', 'Moysey', '2020-05-06 17:14:49', '1978-06-21 14:22:21', NULL),
(30, 'lhaskaynet', 'maikX5zp9', 'lhaskaynet@drupal.org', 'Lucilia', 'Haskayne', '2020-10-27 08:59:13', '1953-03-19 07:42:28', NULL),
(31, 'edriversu', 't4dulm', 'edriversu@cdbaby.com', 'Emerson', 'Drivers', '2020-05-08 04:25:03', '1956-05-08 14:01:08', NULL),
(32, 'dtryv', 'x7OnaM3WO', 'dtryv@de.vu', 'Debee', 'Try', '2020-12-16 03:37:35', '1956-02-01 04:29:25', NULL),
(33, 'ografhamw', '2tQ6Vf', 'ografhamw@gravatar.com', 'Omar', 'Grafham', '2020-03-11 09:11:45', '1952-04-02 23:07:39', NULL),
(34, 'lfuentesx', 'lcx29i', 'lfuentesx@dmoz.org', 'Lorie', 'Fuentes', '2020-08-30 07:05:28', '2010-10-11 16:22:24', NULL),
(35, 'jstirleyy', '3GqQmKJ', 'jstirleyy@huffingtonpost.com', 'Judith', 'Stirley', '2020-07-18 00:02:09', '1997-06-04 16:27:48', NULL),
(36, 'dbrutez', 'RI1RLVQ', 'dbrutez@phoca.cz', 'Darill', 'Brute', '2020-11-11 00:42:04', '1953-08-03 04:52:10', NULL),
(37, 'lcaris10', 'UeE0XkYr6', 'lcaris10@examiner.com', 'Luciana', 'Caris', '2020-09-28 06:45:24', '1967-10-18 17:43:24', NULL),
(38, 'efound11', 'vQGpfHsLvOG0', 'efound11@dot.gov', 'Earle', 'Found', '2020-05-10 05:42:33', '2010-03-21 10:58:18', NULL),
(39, 'psteinham12', 'jTLbZB0bv3B', 'psteinham12@rediff.com', 'Pat', 'Steinham', '2020-04-03 16:19:38', '1950-05-26 02:26:59', NULL),
(40, 'vfaltin13', '2IEyE5qRpm', 'vfaltin13@tinyurl.com', 'Valina', 'Faltin', '2020-06-13 07:20:34', '1989-03-17 16:57:59', NULL),
(41, 'skellough14', 'WEBBtPe', 'skellough14@so-net.ne.jp', 'Savina', 'Kellough', '2020-08-29 13:21:36', '1997-11-11 23:48:19', NULL),
(42, 'vvannini15', 'c93ObLaa', 'vvannini15@ehow.com', 'Vanni', 'Vannini', '2020-09-22 17:07:28', '1966-05-01 04:21:00', NULL),
(43, 'akiledal16', 'FdWpSYSgGmm', 'akiledal16@umich.edu', 'Ario', 'Kiledal', '2020-02-12 12:06:19', '2016-03-28 13:58:36', NULL),
(44, 'dalvey17', 'lcBNu3J9r9', 'dalvey17@eventbrite.com', 'Dom', 'Alvey', '2020-07-25 18:51:46', '1969-01-25 19:21:08', NULL),
(45, 'dkolodziej18', '1uU13Vbu6yU', 'dkolodziej18@domainmarket.com', 'Dorothy', 'Kolodziej', '2020-01-16 20:08:54', '1977-09-20 20:53:19', NULL),
(46, 'gullrich19', 'AoQmRkm', 'gullrich19@ft.com', 'Giuditta', 'Ullrich', '2020-11-20 07:00:47', '1982-06-22 02:01:03', NULL),
(47, 'farnall1a', 'DORIOkhtI', 'farnall1a@dailymail.co.uk', 'Ferrel', 'Arnall', '2020-08-09 09:19:27', '1977-10-21 21:05:30', NULL),
(48, 'tiacomo1b', 'rZaI5gB1', 'tiacomo1b@howstuffworks.com', 'Tymothy', 'Iacomo', '2020-05-05 12:50:07', '1989-08-29 07:10:39', NULL),
(49, 'gmyton1c', 'Gs7T5YtGp', 'gmyton1c@github.com', 'Gaylord', 'Myton', '2020-01-23 09:17:47', '1951-08-22 04:41:04', NULL),
(50, 'Huytloa54', 'Gzqdq7Ytp', 'nllkzq1@github.com', 'Steve', 'Jess', '2020-01-23 09:17:47', '1991-03-22 04:41:04', NULL),
(51, 'admin', 'pbkdf2:sha256:150000$68sCxwI4$3ad2cebb218bf8494921e61b06a2d1e7bdce7b8d8320dc68943e606c456a8fdc', 'a@a.a', 'admin', 'admin', '2020-06-07 18:59:07', '2020-01-01 00:00:00', 1);
COMMIT;

/*!40101 SET CHARACTER_SET_CLIENT=@OLD_CHARACTER_SET_CLIENT */;
/*!40101 SET CHARACTER_SET_RESULTS=@OLD_CHARACTER_SET_RESULTS */;
/*!40101 SET COLLATION_CONNECTION=@OLD_COLLATION_CONNECTION */;
